ocel_source_id;ocel_target_id;ocel_qualifier
co1;td1;TD for CO
td1;vh5;Regular VH for TD
cr1;td1;CR for TD
cr2;td1;CR for TD
cr3;td1;CR for TD
cr4;td1;CR for TD
cr5;td1;CR for TD
tr2;cr5;TR loads CR
cr5;hu2;CR contains HU
cr5;hu1;CR contains HU
co3;td2;TD for CO
co2;td3;TD for CO
td2;vh1;High-Prio VH for TD
td2;vh6;Regular VH for TD
cr7;td2;CR for TD
cr6;td2;CR for TD
cr8;td2;CR for TD
cr9;td2;CR for TD
cr10;td2;CR for TD
tr2;cr6;TR loads CR
td3;vh3;Regular VH for TD
cr11;td3;CR for TD
cr12;td3;CR for TD
cr13;td3;CR for TD
cr14;td3;CR for TD
cr6;hu4;CR contains HU
cr6;hu6;CR contains HU
cr6;hu7;CR contains HU
cr6;hu5;CR contains HU
cr6;hu3;CR contains HU
cr6;hu8;CR contains HU
tr4;cr7;TR loads CR
cr7;hu11;CR contains HU
cr7;hu12;CR contains HU
cr7;hu14;CR contains HU
cr7;hu10;CR contains HU
cr7;hu13;CR contains HU
cr7;hu9;CR contains HU
co4;td4;TD for CO
td4;vh4;Regular VH for TD
cr15;td4;CR for TD
cr16;td4;CR for TD
cr17;td4;CR for TD
cr18;td4;CR for TD
tr6;cr16;TR loads CR
tr4;cr12;TR loads CR
tr5;cr13;TR loads CR
tr3;cr9;TR loads CR
cr12;hu34;CR contains HU
cr9;hu17;CR contains HU
cr9;hu20;CR contains HU
co6;td5;TD for CO
cr16;hu32;CR contains HU
td5;vh5;Regular VH for TD
cr12;hu37;CR contains HU
cr13;hu25;CR contains HU
co5;td6;TD for CO
cr19;td5;CR for TD
cr20;td5;CR for TD
cr9;hu15;CR contains HU
cr9;hu18;CR contains HU
cr12;hu35;CR contains HU
cr16;hu28;CR contains HU
td6;vh6;Regular VH for TD
cr12;hu33;CR contains HU
cr12;hu36;CR contains HU
cr13;hu24;CR contains HU
cr16;hu31;CR contains HU
cr13;hu21;CR contains HU
cr9;hu19;CR contains HU
cr16;hu29;CR contains HU
cr13;hu26;CR contains HU
cr13;hu22;CR contains HU
cr12;hu38;CR contains HU
cr16;hu30;CR contains HU
cr13;hu23;CR contains HU
cr16;hu27;CR contains HU
co9;td7;TD for CO
cr9;hu16;CR contains HU
td7;vh7;Regular VH for TD
tr4;cr18;TR loads CR
cr18;hu40;CR contains HU
cr18;hu39;CR contains HU
tr2;cr14;TR loads CR
co11;td8;TD for CO
tr1;cr10;TR loads CR
cr14;hu41;CR contains HU
cr14;hu43;CR contains HU
cr14;hu45;CR contains HU
cr21;td6;CR for TD
cr22;td6;CR for TD
cr23;td6;CR for TD
cr24;td6;CR for TD
cr25;td6;CR for TD
cr14;hu46;CR contains HU
cr14;hu44;CR contains HU
td8;vh2;High-Prio VH for TD
td8;vh4;Regular VH for TD
cr14;hu42;CR contains HU
cr10;hu49;CR contains HU
cr10;hu47;CR contains HU
cr10;hu52;CR contains HU
cr10;hu50;CR contains HU
cr10;hu48;CR contains HU
cr10;hu51;CR contains HU
cr26;td7;CR for TD
cr27;td7;CR for TD
cr29;td8;CR for TD
cr30;td8;CR for TD
cr28;td8;CR for TD
tr5;cr29;TR loads CR
tr4;cr30;TR loads CR
cr29;hu57;CR contains HU
cr29;hu58;CR contains HU
cr29;hu56;CR contains HU
cr29;hu55;CR contains HU
cr30;hu60;CR contains HU
cr29;hu53;CR contains HU
cr30;hu61;CR contains HU
cr30;hu63;CR contains HU
cr30;hu62;CR contains HU
cr29;hu54;CR contains HU
cr30;hu59;CR contains HU
co7;td9;TD for CO
co8;td10;TD for CO
tr4;cr19;TR loads CR
tr2;cr4;TR loads CR
td9;vh7;Regular VH for TD
cr4;hu75;CR contains HU
cr4;hu73;CR contains HU
td10;vh5;Regular VH for TD
cr19;hu69;CR contains HU
cr19;hu64;CR contains HU
cr19;hu65;CR contains HU
cr19;hu68;CR contains HU
cr19;hu66;CR contains HU
cr19;hu67;CR contains HU
cr4;hu74;CR contains HU
cr4;hu71;CR contains HU
cr4;hu70;CR contains HU
cr4;hu72;CR contains HU
cr35;td10;CR for TD
cr36;td10;CR for TD
cr31;td9;CR for TD
cr32;td9;CR for TD
cr33;td9;CR for TD
cr34;td9;CR for TD
co12;td11;TD for CO
td11;vh2;High-Prio VH for TD
td11;vh6;Regular VH for TD
co10;td12;TD for CO
co13;td13;TD for CO
td13;vh4;Regular VH for TD
cr41;td11;CR for TD
cr37;td11;CR for TD
cr38;td11;CR for TD
cr39;td11;CR for TD
cr40;td11;CR for TD
td12;vh2;High-Prio VH for TD
td12;vh5;Regular VH for TD
tr3;cr41;TR loads CR
cr43;td12;CR for TD
cr42;td12;CR for TD
cr44;td12;CR for TD
tr5;cr43;TR loads CR
cr43;hu81;CR contains HU
cr43;hu84;CR contains HU
cr43;hu80;CR contains HU
cr41;hu79;CR contains HU
cr41;hu77;CR contains HU
cr41;hu76;CR contains HU
cr41;hu78;CR contains HU
cr45;td13;CR for TD
cr46;td13;CR for TD
cr47;td13;CR for TD
cr48;td13;CR for TD
cr43;hu82;CR contains HU
cr43;hu85;CR contains HU
cr43;hu83;CR contains HU
tr1;cr11;TR loads CR
tr3;cr2;TR loads CR
tr2;cr35;TR loads CR
cr2;hu91;CR contains HU
cr35;hu95;CR contains HU
cr2;hu89;CR contains HU
cr11;hu101;CR contains HU
cr11;hu98;CR contains HU
cr11;hu102;CR contains HU
cr11;hu99;CR contains HU
cr2;hu87;CR contains HU
cr11;hu100;CR contains HU
cr2;hu88;CR contains HU
cr2;hu86;CR contains HU
cr11;hu103;CR contains HU
cr2;hu90;CR contains HU
cr35;hu97;CR contains HU
cr35;hu93;CR contains HU
tr5;cr20;TR loads CR
cr20;hu104;CR contains HU
cr35;hu96;CR contains HU
cr35;hu94;CR contains HU
cr35;hu92;CR contains HU
tr6;cr1;TR loads CR
cr1;hu109;CR contains HU
cr1;hu110;CR contains HU
cr1;hu106;CR contains HU
cr1;hu105;CR contains HU
cr1;hu107;CR contains HU
cr1;hu108;CR contains HU
tr4;cr34;TR loads CR
tr6;cr3;TR loads CR
tr1;cr28;TR loads CR
cr34;hu112;CR contains HU
cr34;hu111;CR contains HU
cr34;hu113;CR contains HU
cr28;hu122;CR contains HU
cr3;hu115;CR contains HU
cr3;hu118;CR contains HU
cr3;hu119;CR contains HU
cr3;hu116;CR contains HU
cr3;hu117;CR contains HU
cr3;hu114;CR contains HU
cr28;hu123;CR contains HU
cr28;hu125;CR contains HU
cr28;hu124;CR contains HU
cr28;hu121;CR contains HU
cr28;hu120;CR contains HU
tr2;cr45;TR loads CR
cr45;hu127;CR contains HU
cr45;hu128;CR contains HU
cr45;hu131;CR contains HU
cr45;hu126;CR contains HU
cr45;hu129;CR contains HU
cr45;hu130;CR contains HU
co16;td14;TD for CO
tr5;cr48;TR loads CR
td14;vh4;High-Prio VH for TD
td14;vh5;Regular VH for TD
co15;td15;TD for CO
cr48;hu134;CR contains HU
cr48;hu137;CR contains HU
cr48;hu136;CR contains HU
cr48;hu132;CR contains HU
cr49;td14;CR for TD
cr51;td14;CR for TD
cr52;td14;CR for TD
cr53;td14;CR for TD
cr50;td14;CR for TD
cr48;hu135;CR contains HU
cr48;hu133;CR contains HU
td15;vh6;Regular VH for TD
tr3;cr33;TR loads CR
tr5;cr51;TR loads CR
tr2;cr47;TR loads CR
tr4;cr52;TR loads CR
tr1;cr53;TR loads CR
tr6;cr27;TR loads CR
cr53;hu149;CR contains HU
cr53;hu148;CR contains HU
cr33;hu138;CR contains HU
cr33;hu142;CR contains HU
cr33;hu139;CR contains HU
cr27;hu145;CR contains HU
cr33;hu140;CR contains HU
cr51;hu165;CR contains HU
cr54;td15;CR for TD
cr55;td15;CR for TD
cr56;td15;CR for TD
cr57;td15;CR for TD
cr58;td15;CR for TD
cr52;hu156;CR contains HU
cr52;hu153;CR contains HU
cr53;hu147;CR contains HU
cr27;hu144;CR contains HU
cr47;hu159;CR contains HU
cr47;hu158;CR contains HU
cr53;hu150;CR contains HU
cr47;hu162;CR contains HU
cr47;hu161;CR contains HU
cr52;hu155;CR contains HU
cr47;hu160;CR contains HU
cr51;hu166;CR contains HU
cr52;hu154;CR contains HU
tr1;cr25;TR loads CR
cr52;hu152;CR contains HU
co14;td16;TD for CO
cr27;hu146;CR contains HU
cr47;hu157;CR contains HU
td16;vh10;Regular VH for TD
cr25;hu170;CR contains HU
cr52;hu151;CR contains HU
co19;td17;TD for CO
tr6;cr49;TR loads CR
tr2;cr50;TR loads CR
cr25;hu173;CR contains HU
cr33;hu143;CR contains HU
cr51;hu168;CR contains HU
cr49;hu180;CR contains HU
td17;vh4;High-Prio VH for TD
td17;vh7;Regular VH for TD
tr4;cr15;TR loads CR
cr49;hu175;CR contains HU
cr33;hu141;CR contains HU
cr25;hu174;CR contains HU
cr49;hu177;CR contains HU
cr51;hu167;CR contains HU
cr59;td16;CR for TD
cr60;td16;CR for TD
cr15;hu189;CR contains HU
cr15;hu190;CR contains HU
cr15;hu188;CR contains HU
cr25;hu172;CR contains HU
cr50;hu186;CR contains HU
cr50;hu182;CR contains HU
cr50;hu183;CR contains HU
cr50;hu184;CR contains HU
tr3;cr24;TR loads CR
cr15;hu192;CR contains HU
cr24;hu196;CR contains HU
cr24;hu193;CR contains HU
cr50;hu181;CR contains HU
cr24;hu198;CR contains HU
cr51;hu163;CR contains HU
cr24;hu194;CR contains HU
cr24;hu197;CR contains HU
cr50;hu185;CR contains HU
cr61;td17;CR for TD
cr62;td17;CR for TD
cr63;td17;CR for TD
cr49;hu176;CR contains HU
cr49;hu178;CR contains HU
cr15;hu191;CR contains HU
cr51;hu164;CR contains HU
cr25;hu171;CR contains HU
tr2;cr38;TR loads CR
cr24;hu195;CR contains HU
cr15;hu187;CR contains HU
tr5;cr61;TR loads CR
cr38;hu201;CR contains HU
cr38;hu199;CR contains HU
cr38;hu204;CR contains HU
cr49;hu179;CR contains HU
cr38;hu200;CR contains HU
cr38;hu203;CR contains HU
cr38;hu202;CR contains HU
tr6;cr46;TR loads CR
tr3;cr36;TR loads CR
tr2;cr37;TR loads CR
cr46;hu213;CR contains HU
cr46;hu216;CR contains HU
cr46;hu215;CR contains HU
cr46;hu212;CR contains HU
cr46;hu214;CR contains HU
cr61;hu208;CR contains HU
cr61;hu210;CR contains HU
cr61;hu207;CR contains HU
cr61;hu206;CR contains HU
tr4;cr42;TR loads CR
cr61;hu209;CR contains HU
cr46;hu211;CR contains HU
cr37;hu221;CR contains HU
cr37;hu219;CR contains HU
cr37;hu218;CR contains HU
cr37;hu222;CR contains HU
cr42;hu225;CR contains HU
cr42;hu227;CR contains HU
cr25;hu169;CR contains HU
cr42;hu229;CR contains HU
cr42;hu228;CR contains HU
cr61;hu205;CR contains HU
cr37;hu220;CR contains HU
cr42;hu224;CR contains HU
tr1;cr21;TR loads CR
cr42;hu226;CR contains HU
cr37;hu223;CR contains HU
cr36;hu217;CR contains HU
tr5;cr44;TR loads CR
tr6;cr57;TR loads CR
tr2;cr17;TR loads CR
cr21;hu231;CR contains HU
cr21;hu235;CR contains HU
cr21;hu234;CR contains HU
cr44;hu236;CR contains HU
cr57;hu239;CR contains HU
cr17;hu245;CR contains HU
cr17;hu246;CR contains HU
cr21;hu233;CR contains HU
cr17;hu243;CR contains HU
cr21;hu230;CR contains HU
cr17;hu244;CR contains HU
cr21;hu232;CR contains HU
cr17;hu247;CR contains HU
cr17;hu248;CR contains HU
cr57;hu241;CR contains HU
cr57;hu238;CR contains HU
cr57;hu240;CR contains HU
cr57;hu237;CR contains HU
cr57;hu242;CR contains HU
co20;td18;TD for CO
tr1;cr59;TR loads CR
tr5;cr32;TR loads CR
cr32;hu252;CR contains HU
cr32;hu253;CR contains HU
cr32;hu250;CR contains HU
td18;vh9;Regular VH for TD
cr59;hu255;CR contains HU
cr59;hu260;CR contains HU
cr59;hu259;CR contains HU
cr59;hu257;CR contains HU
cr59;hu256;CR contains HU
cr32;hu249;CR contains HU
cr32;hu254;CR contains HU
cr32;hu251;CR contains HU
cr59;hu258;CR contains HU
cr64;td18;CR for TD
cr65;td18;CR for TD
tr1;cr56;TR loads CR
tr5;cr55;TR loads CR
cr55;hu269;CR contains HU
cr55;hu267;CR contains HU
cr56;hu264;CR contains HU
cr56;hu265;CR contains HU
cr56;hu266;CR contains HU
cr56;hu262;CR contains HU
cr56;hu261;CR contains HU
cr56;hu263;CR contains HU
cr55;hu268;CR contains HU
cr55;hu272;CR contains HU
cr55;hu271;CR contains HU
tr3;cr39;TR loads CR
cr55;hu270;CR contains HU
co18;td19;TD for CO
cr39;hu278;CR contains HU
cr39;hu275;CR contains HU
cr39;hu273;CR contains HU
cr39;hu277;CR contains HU
cr39;hu274;CR contains HU
cr39;hu276;CR contains HU
co17;td20;TD for CO
td19;vh5;High-Prio VH for TD
td19;vh6;Regular VH for TD
td20;vh9;Regular VH for TD
cr67;td19;CR for TD
cr66;td19;CR for TD
cr68;td19;CR for TD
cr69;td19;CR for TD
cr70;td19;CR for TD
cr71;td20;CR for TD
cr72;td20;CR for TD
cr73;td20;CR for TD
cr74;td20;CR for TD
tr5;cr69;TR loads CR
tr6;cr58;TR loads CR
tr4;cr54;TR loads CR
tr3;cr67;TR loads CR
tr2;cr68;TR loads CR
cr69;hu293;CR contains HU
cr69;hu294;CR contains HU
cr54;hu280;CR contains HU
co23;td21;TD for CO
cr67;hu306;CR contains HU
cr58;hu287;CR contains HU
cr58;hu290;CR contains HU
cr68;hu299;CR contains HU
cr68;hu298;CR contains HU
cr68;hu302;CR contains HU
cr54;hu281;CR contains HU
td21;vh6;Regular VH for TD
cr67;hu308;CR contains HU
cr58;hu286;CR contains HU
tr1;cr22;TR loads CR
cr67;hu305;CR contains HU
cr68;hu300;CR contains HU
cr68;hu297;CR contains HU
cr69;hu295;CR contains HU
cr54;hu279;CR contains HU
cr69;hu292;CR contains HU
cr54;hu282;CR contains HU
cr69;hu296;CR contains HU
cr22;hu313;CR contains HU
cr22;hu310;CR contains HU
cr22;hu309;CR contains HU
cr67;hu303;CR contains HU
cr54;hu283;CR contains HU
cr58;hu289;CR contains HU
cr75;td21;CR for TD
cr76;td21;CR for TD
cr22;hu311;CR contains HU
co27;td22;TD for CO
cr54;hu284;CR contains HU
cr58;hu285;CR contains HU
cr69;hu291;CR contains HU
cr22;hu314;CR contains HU
tr4;cr66;TR loads CR
cr68;hu301;CR contains HU
co25;td23;TD for CO
cr22;hu312;CR contains HU
tr5;cr65;TR loads CR
td22;vh9;Regular VH for TD
cr67;hu307;CR contains HU
tr1;cr75;TR loads CR
tr2;cr63;TR loads CR
td23;vh7;Regular VH for TD
cr75;hu331;CR contains HU
cr75;hu329;CR contains HU
cr63;hu328;CR contains HU
cr77;td22;CR for TD
cr78;td22;CR for TD
cr79;td22;CR for TD
cr80;td22;CR for TD
cr66;hu319;CR contains HU
cr66;hu318;CR contains HU
cr66;hu316;CR contains HU
cr65;hu322;CR contains HU
cr75;hu333;CR contains HU
cr66;hu315;CR contains HU
cr65;hu324;CR contains HU
cr66;hu317;CR contains HU
cr63;hu327;CR contains HU
cr75;hu332;CR contains HU
cr65;hu323;CR contains HU
cr63;hu326;CR contains HU
cr65;hu321;CR contains HU
cr75;hu334;CR contains HU
cr67;hu304;CR contains HU
cr75;hu330;CR contains HU
cr63;hu325;CR contains HU
cr58;hu288;CR contains HU
co26;td24;TD for CO
tr5;cr40;TR loads CR
tr1;cr60;TR loads CR
tr2;cr76;TR loads CR
td24;vh6;High-Prio VH for TD
td24;vh12;Regular VH for TD
cr40;hu335;CR contains HU
cr40;hu340;CR contains HU
cr40;hu336;CR contains HU
cr40;hu338;CR contains HU
cr60;hu342;CR contains HU
cr40;hu339;CR contains HU
tr6;cr71;TR loads CR
cr76;hu344;CR contains HU
cr60;hu343;CR contains HU
tr3;cr62;TR loads CR
cr76;hu346;CR contains HU
cr71;hu355;CR contains HU
cr60;hu341;CR contains HU
cr71;hu358;CR contains HU
cr66;hu320;CR contains HU
cr71;hu354;CR contains HU
cr40;hu337;CR contains HU
tr1;cr70;TR loads CR
tr4;cr26;TR loads CR
tr5;cr23;TR loads CR
cr62;hu350;CR contains HU
cr62;hu347;CR contains HU
cr81;td23;CR for TD
cr82;td23;CR for TD
cr83;td23;CR for TD
cr84;td23;CR for TD
cr70;hu360;CR contains HU
cr62;hu351;CR contains HU
cr87;td24;CR for TD
cr85;td24;CR for TD
cr86;td24;CR for TD
cr76;hu345;CR contains HU
cr23;hu373;CR contains HU
cr70;hu359;CR contains HU
cr71;hu357;CR contains HU
cr70;hu361;CR contains HU
cr71;hu356;CR contains HU
cr71;hu353;CR contains HU
tr2;cr8;TR loads CR
cr23;hu371;CR contains HU
cr23;hu369;CR contains HU
cr23;hu368;CR contains HU
tr1;cr73;TR loads CR
cr8;hu379;CR contains HU
cr8;hu378;CR contains HU
cr8;hu377;CR contains HU
cr26;hu364;CR contains HU
cr26;hu365;CR contains HU
cr26;hu367;CR contains HU
cr26;hu366;CR contains HU
cr62;hu349;CR contains HU
cr26;hu363;CR contains HU
cr62;hu352;CR contains HU
cr23;hu370;CR contains HU
cr23;hu372;CR contains HU
tr6;cr87;TR loads CR
cr8;hu374;CR contains HU
cr26;hu362;CR contains HU
cr62;hu348;CR contains HU
cr87;hu386;CR contains HU
tr5;cr84;TR loads CR
cr8;hu376;CR contains HU
cr73;hu383;CR contains HU
cr84;hu387;CR contains HU
cr73;hu385;CR contains HU
cr73;hu384;CR contains HU
cr73;hu381;CR contains HU
cr73;hu382;CR contains HU
cr73;hu380;CR contains HU
co22;td25;TD for CO
co28;td26;TD for CO
td25;vh10;Regular VH for TD
td26;vh11;Regular VH for TD
cr8;hu375;CR contains HU
tr3;cr82;TR loads CR
cr88;td25;CR for TD
cr89;td25;CR for TD
cr90;td25;CR for TD
co21;td27;TD for CO
cr91;td26;CR for TD
cr92;td26;CR for TD
cr93;td26;CR for TD
cr94;td26;CR for TD
cr95;td26;CR for TD
tr5;cr81;TR loads CR
td27;vh6;High-Prio VH for TD
td27;vh9;Regular VH for TD
cr82;hu392;CR contains HU
cr82;hu393;CR contains HU
cr82;hu389;CR contains HU
cr82;hu388;CR contains HU
cr82;hu390;CR contains HU
cr82;hu391;CR contains HU
cr81;hu397;CR contains HU
cr96;td27;CR for TD
cr98;td27;CR for TD
cr99;td27;CR for TD
cr97;td27;CR for TD
cr81;hu398;CR contains HU
cr81;hu394;CR contains HU
tr4;cr98;TR loads CR
tr1;cr99;TR loads CR
cr81;hu396;CR contains HU
cr81;hu395;CR contains HU
tr2;cr96;TR loads CR
cr81;hu399;CR contains HU
tr6;cr80;TR loads CR
tr3;cr97;TR loads CR
cr98;hu407;CR contains HU
cr99;hu413;CR contains HU
cr98;hu406;CR contains HU
cr99;hu412;CR contains HU
cr96;hu401;CR contains HU
cr98;hu410;CR contains HU
cr96;hu404;CR contains HU
cr98;hu411;CR contains HU
tr5;cr74;TR loads CR
cr96;hu405;CR contains HU
cr96;hu400;CR contains HU
cr97;hu416;CR contains HU
cr98;hu408;CR contains HU
cr97;hu414;CR contains HU
cr80;hu424;CR contains HU
cr80;hu422;CR contains HU
cr97;hu417;CR contains HU
cr96;hu402;CR contains HU
cr97;hu415;CR contains HU
cr74;hu425;CR contains HU
cr80;hu420;CR contains HU
cr97;hu419;CR contains HU
cr74;hu426;CR contains HU
cr97;hu418;CR contains HU
cr96;hu403;CR contains HU
cr98;hu409;CR contains HU
cr80;hu423;CR contains HU
cr80;hu421;CR contains HU
tr1;cr91;TR loads CR
cr91;hu428;CR contains HU
cr91;hu429;CR contains HU
cr91;hu430;CR contains HU
cr91;hu427;CR contains HU
cr91;hu431;CR contains HU
co24;td28;TD for CO
cr91;hu432;CR contains HU
td28;vh11;Regular VH for TD
cr100;td28;CR for TD
cr101;td28;CR for TD
cr102;td28;CR for TD
cr103;td28;CR for TD
cr104;td28;CR for TD
co32;td29;TD for CO
td29;vh11;Regular VH for TD
cr105;td29;CR for TD
cr106;td29;CR for TD
cr107;td29;CR for TD
cr108;td29;CR for TD
tr4;cr78;TR loads CR
tr1;cr108;TR loads CR
co31;td30;TD for CO
cr78;hu435;CR contains HU
tr6;cr94;TR loads CR
cr94;hu445;CR contains HU
cr94;hu443;CR contains HU
cr94;hu448;CR contains HU
cr94;hu447;CR contains HU
cr94;hu446;CR contains HU
cr94;hu444;CR contains HU
cr78;hu438;CR contains HU
cr78;hu434;CR contains HU
cr78;hu436;CR contains HU
cr78;hu437;CR contains HU
cr78;hu433;CR contains HU
cr108;hu442;CR contains HU
tr5;cr107;TR loads CR
cr108;hu439;CR contains HU
cr108;hu440;CR contains HU
td30;vh12;Regular VH for TD
cr108;hu441;CR contains HU
cr107;hu453;CR contains HU
cr107;hu450;CR contains HU
cr107;hu454;CR contains HU
cr107;hu451;CR contains HU
cr107;hu449;CR contains HU
cr107;hu452;CR contains HU
co30;td31;TD for CO
td31;vh11;Regular VH for TD
co35;td32;TD for CO
tr6;cr104;TR loads CR
td32;vh12;Regular VH for TD
cr104;hu456;CR contains HU
cr104;hu457;CR contains HU
cr104;hu455;CR contains HU
cr111;td31;CR for TD
cr112;td31;CR for TD
cr113;td31;CR for TD
cr114;td31;CR for TD
co29;td33;TD for CO
co33;td34;TD for CO
cr109;td30;CR for TD
cr110;td30;CR for TD
tr6;cr113;TR loads CR
tr4;cr83;TR loads CR
tr5;cr110;TR loads CR
td33;vh11;Regular VH for TD
tr1;cr31;TR loads CR
tr2;cr111;TR loads CR
tr3;cr79;TR loads CR
cr111;hu458;CR contains HU
cr31;hu466;CR contains HU
td34;vh11;Regular VH for TD
cr115;td32;CR for TD
cr116;td32;CR for TD
cr117;td32;CR for TD
cr118;td32;CR for TD
cr83;hu478;CR contains HU
cr122;td34;CR for TD
cr123;td34;CR for TD
cr124;td34;CR for TD
cr111;hu460;CR contains HU
cr113;hu491;CR contains HU
cr79;hu470;CR contains HU
cr31;hu467;CR contains HU
cr113;hu492;CR contains HU
cr79;hu475;CR contains HU
cr113;hu490;CR contains HU
cr111;hu461;CR contains HU
cr31;hu464;CR contains HU
cr111;hu463;CR contains HU
cr83;hu481;CR contains HU
cr79;hu473;CR contains HU
cr110;hu486;CR contains HU
cr113;hu487;CR contains HU
cr79;hu471;CR contains HU
cr110;hu483;CR contains HU
cr111;hu462;CR contains HU
cr113;hu488;CR contains HU
cr111;hu459;CR contains HU
cr119;td33;CR for TD
cr120;td33;CR for TD
cr121;td33;CR for TD
cr31;hu469;CR contains HU
cr31;hu468;CR contains HU
cr110;hu484;CR contains HU
cr83;hu480;CR contains HU
cr83;hu476;CR contains HU
cr83;hu477;CR contains HU
cr110;hu485;CR contains HU
cr110;hu482;CR contains HU
cr79;hu472;CR contains HU
cr113;hu489;CR contains HU
cr83;hu479;CR contains HU
cr31;hu465;CR contains HU
cr79;hu474;CR contains HU
tr1;cr114;TR loads CR
tr2;cr109;TR loads CR
tr4;cr85;TR loads CR
tr5;cr72;TR loads CR
cr109;hu505;CR contains HU
cr109;hu507;CR contains HU
cr114;hu499;CR contains HU
tr3;cr118;TR loads CR
cr109;hu502;CR contains HU
cr118;hu520;CR contains HU
cr109;hu506;CR contains HU
tr6;cr106;TR loads CR
cr118;hu522;CR contains HU
cr85;hu497;CR contains HU
cr72;hu510;CR contains HU
cr85;hu495;CR contains HU
cr72;hu512;CR contains HU
cr85;hu498;CR contains HU
cr72;hu509;CR contains HU
cr85;hu494;CR contains HU
cr85;hu496;CR contains HU
cr85;hu493;CR contains HU
cr72;hu508;CR contains HU
cr106;hu516;CR contains HU
cr106;hu514;CR contains HU
cr118;hu521;CR contains HU
cr106;hu519;CR contains HU
cr106;hu515;CR contains HU
cr72;hu513;CR contains HU
cr114;hu501;CR contains HU
cr72;hu511;CR contains HU
cr109;hu503;CR contains HU
cr114;hu500;CR contains HU
cr109;hu504;CR contains HU
tr5;cr101;TR loads CR
tr2;cr77;TR loads CR
cr106;hu517;CR contains HU
cr106;hu518;CR contains HU
tr1;cr103;TR loads CR
cr77;hu534;CR contains HU
cr77;hu533;CR contains HU
cr103;hu538;CR contains HU
cr103;hu540;CR contains HU
cr101;hu526;CR contains HU
cr101;hu524;CR contains HU
cr101;hu528;CR contains HU
cr77;hu530;CR contains HU
cr103;hu539;CR contains HU
cr101;hu525;CR contains HU
cr103;hu537;CR contains HU
cr101;hu523;CR contains HU
cr77;hu532;CR contains HU
cr103;hu535;CR contains HU
cr77;hu529;CR contains HU
cr101;hu527;CR contains HU
cr77;hu531;CR contains HU
cr103;hu536;CR contains HU
tr4;cr124;TR loads CR
tr2;cr100;TR loads CR
cr124;hu541;CR contains HU
tr1;cr123;TR loads CR
cr100;hu545;CR contains HU
cr100;hu547;CR contains HU
cr100;hu544;CR contains HU
cr100;hu546;CR contains HU
cr100;hu542;CR contains HU
cr100;hu543;CR contains HU
tr6;cr95;TR loads CR
co40;td35;TD for CO
cr95;hu555;CR contains HU
cr123;hu550;CR contains HU
cr95;hu554;CR contains HU
cr123;hu551;CR contains HU
cr95;hu559;CR contains HU
cr95;hu558;CR contains HU
cr123;hu548;CR contains HU
cr95;hu556;CR contains HU
cr123;hu549;CR contains HU
cr123;hu553;CR contains HU
cr95;hu557;CR contains HU
co34;td36;TD for CO
td35;vh8;High-Prio VH for TD
td35;vh9;Regular VH for TD
cr123;hu552;CR contains HU
td36;vh11;Regular VH for TD
cr127;td35;CR for TD
cr125;td35;CR for TD
cr126;td35;CR for TD
tr2;cr127;TR loads CR
co41;td37;TD for CO
cr127;hu561;CR contains HU
cr127;hu560;CR contains HU
td37;vh10;High-Prio VH for TD
td37;vh12;Regular VH for TD
cr128;td36;CR for TD
cr129;td36;CR for TD
cr130;td36;CR for TD
tr1;cr126;TR loads CR
tr4;cr102;TR loads CR
tr6;cr89;TR loads CR
tr2;cr86;TR loads CR
cr89;hu565;CR contains HU
cr89;hu566;CR contains HU
cr86;hu569;CR contains HU
cr126;hu583;CR contains HU
cr86;hu568;CR contains HU
co42;td38;TD for CO
cr102;hu574;CR contains HU
cr102;hu575;CR contains HU
cr102;hu578;CR contains HU
cr102;hu576;CR contains HU
cr102;hu579;CR contains HU
cr133;td37;CR for TD
cr131;td37;CR for TD
cr132;td37;CR for TD
td38;vh11;Regular VH for TD
tr3;cr133;TR loads CR
cr126;hu584;CR contains HU
cr86;hu572;CR contains HU
cr86;hu570;CR contains HU
cr133;hu587;CR contains HU
cr126;hu585;CR contains HU
cr86;hu573;CR contains HU
cr89;hu563;CR contains HU
cr126;hu580;CR contains HU
cr89;hu562;CR contains HU
cr86;hu571;CR contains HU
cr126;hu581;CR contains HU
cr126;hu582;CR contains HU
cr102;hu577;CR contains HU
cr89;hu564;CR contains HU
cr133;hu586;CR contains HU
cr89;hu567;CR contains HU
tr2;cr130;TR loads CR
cr130;hu588;CR contains HU
cr130;hu590;CR contains HU
cr130;hu589;CR contains HU
cr134;td38;CR for TD
cr135;td38;CR for TD
cr136;td38;CR for TD
cr137;td38;CR for TD
co36;td39;TD for CO
tr2;cr116;TR loads CR
tr3;cr112;TR loads CR
cr116;hu596;CR contains HU
cr116;hu592;CR contains HU
cr112;hu599;CR contains HU
tr6;cr64;TR loads CR
cr116;hu593;CR contains HU
td39;vh14;Regular VH for TD
cr112;hu598;CR contains HU
cr112;hu601;CR contains HU
cr116;hu594;CR contains HU
cr116;hu595;CR contains HU
cr112;hu597;CR contains HU
cr112;hu602;CR contains HU
cr112;hu600;CR contains HU
cr116;hu591;CR contains HU
tr3;cr115;TR loads CR
cr64;hu607;CR contains HU
cr64;hu603;CR contains HU
cr64;hu606;CR contains HU
cr64;hu605;CR contains HU
cr64;hu608;CR contains HU
cr64;hu604;CR contains HU
cr115;hu614;CR contains HU
cr115;hu612;CR contains HU
cr115;hu609;CR contains HU
cr115;hu613;CR contains HU
cr115;hu611;CR contains HU
cr115;hu610;CR contains HU
tr1;cr128;TR loads CR
cr128;hu620;CR contains HU
cr128;hu617;CR contains HU
cr128;hu616;CR contains HU
cr128;hu615;CR contains HU
cr128;hu618;CR contains HU
cr138;td39;CR for TD
cr139;td39;CR for TD
cr128;hu619;CR contains HU
co38;td40;TD for CO
td40;vh10;High-Prio VH for TD
td40;vh13;Regular VH for TD
tr4;cr88;TR loads CR
tr6;cr119;TR loads CR
tr1;cr125;TR loads CR
tr2;cr121;TR loads CR
tr5;cr139;TR loads CR
tr3;cr120;TR loads CR
cr88;hu634;CR contains HU
cr119;hu648;CR contains HU
cr125;hu622;CR contains HU
cr139;hu629;CR contains HU
cr143;td40;CR for TD
cr140;td40;CR for TD
cr141;td40;CR for TD
cr142;td40;CR for TD
co39;td41;TD for CO
cr119;hu643;CR contains HU
td41;vh10;High-Prio VH for TD
td41;vh13;Regular VH for TD
cr119;hu646;CR contains HU
cr88;hu636;CR contains HU
cr88;hu633;CR contains HU
cr139;hu630;CR contains HU
cr119;hu645;CR contains HU
cr125;hu621;CR contains HU
cr88;hu635;CR contains HU
cr125;hu626;CR contains HU
cr120;hu639;CR contains HU
cr120;hu641;CR contains HU
cr125;hu623;CR contains HU
cr120;hu642;CR contains HU
cr88;hu631;CR contains HU
cr120;hu638;CR contains HU
cr119;hu644;CR contains HU
cr120;hu637;CR contains HU
cr88;hu632;CR contains HU
cr125;hu625;CR contains HU
cr121;hu627;CR contains HU
cr120;hu640;CR contains HU
cr121;hu628;CR contains HU
cr125;hu624;CR contains HU
tr5;cr122;TR loads CR
cr147;td41;CR for TD
cr148;td41;CR for TD
cr144;td41;CR for TD
cr145;td41;CR for TD
cr146;td41;CR for TD
tr2;cr131;TR loads CR
tr3;cr132;TR loads CR
tr4;cr142;TR loads CR
cr131;hu657;CR contains HU
cr132;hu662;CR contains HU
cr131;hu658;CR contains HU
cr119;hu647;CR contains HU
cr131;hu660;CR contains HU
cr142;hu668;CR contains HU
cr142;hu667;CR contains HU
cr132;hu661;CR contains HU
cr131;hu659;CR contains HU
cr122;hu649;CR contains HU
cr122;hu652;CR contains HU
cr132;hu664;CR contains HU
cr122;hu654;CR contains HU
cr131;hu655;CR contains HU
cr122;hu650;CR contains HU
cr122;hu651;CR contains HU
cr132;hu666;CR contains HU
cr131;hu656;CR contains HU
co37;td42;TD for CO
tr1;cr138;TR loads CR
tr6;cr141;TR loads CR
cr142;hu671;CR contains HU
cr138;hu674;CR contains HU
cr138;hu678;CR contains HU
cr138;hu673;CR contains HU
td42;vh10;High-Prio VH for TD
td42;vh10;Regular VH for TD
cr142;hu672;CR contains HU
cr132;hu663;CR contains HU
tr2;cr148;TR loads CR
cr138;hu675;CR contains HU
cr141;hu684;CR contains HU
cr141;hu679;CR contains HU
cr141;hu683;CR contains HU
cr122;hu653;CR contains HU
cr141;hu680;CR contains HU
cr141;hu681;CR contains HU
cr148;hu685;CR contains HU
cr148;hu686;CR contains HU
cr148;hu688;CR contains HU
cr148;hu687;CR contains HU
cr138;hu677;CR contains HU
cr148;hu689;CR contains HU
cr132;hu665;CR contains HU
co43;td43;TD for CO
cr138;hu676;CR contains HU
cr148;hu690;CR contains HU
cr141;hu682;CR contains HU
tr1;cr105;TR loads CR
td43;vh12;Regular VH for TD
tr3;cr143;TR loads CR
cr142;hu669;CR contains HU
cr105;hu703;CR contains HU
cr105;hu700;CR contains HU
cr143;hu697;CR contains HU
cr105;hu702;CR contains HU
cr142;hu670;CR contains HU
cr105;hu699;CR contains HU
cr105;hu698;CR contains HU
tr5;cr90;TR loads CR
cr90;hu691;CR contains HU
cr90;hu694;CR contains HU
cr90;hu696;CR contains HU
cr90;hu692;CR contains HU
cr149;td42;CR for TD
cr151;td42;CR for TD
cr150;td42;CR for TD
tr6;cr137;TR loads CR
cr90;hu695;CR contains HU
cr90;hu693;CR contains HU
tr5;cr150;TR loads CR
cr105;hu701;CR contains HU
tr2;cr135;TR loads CR
tr4;cr151;TR loads CR
tr1;cr149;TR loads CR
cr151;hu727;CR contains HU
cr151;hu728;CR contains HU
cr151;hu725;CR contains HU
cr149;hu730;CR contains HU
cr149;hu732;CR contains HU
cr149;hu735;CR contains HU
cr151;hu726;CR contains HU
cr149;hu731;CR contains HU
cr149;hu733;CR contains HU
co47;td44;TD for CO
cr150;hu717;CR contains HU
cr137;hu710;CR contains HU
tr3;cr147;TR loads CR
cr135;hu705;CR contains HU
cr147;hu720;CR contains HU
cr135;hu707;CR contains HU
cr147;hu724;CR contains HU
cr135;hu704;CR contains HU
cr147;hu721;CR contains HU
cr147;hu722;CR contains HU
cr149;hu734;CR contains HU
cr150;hu716;CR contains HU
cr135;hu708;CR contains HU
cr150;hu714;CR contains HU
cr135;hu706;CR contains HU
cr147;hu723;CR contains HU
cr150;hu715;CR contains HU
cr147;hu719;CR contains HU
cr150;hu713;CR contains HU
cr137;hu711;CR contains HU
cr135;hu709;CR contains HU
cr150;hu718;CR contains HU
cr151;hu729;CR contains HU
cr137;hu712;CR contains HU
tr3;cr93;TR loads CR
tr5;cr134;TR loads CR
cr152;td43;CR for TD
cr153;td43;CR for TD
td44;vh14;Regular VH for TD
co48;td45;TD for CO
cr93;hu738;CR contains HU
td45;vh13;Regular VH for TD
cr93;hu736;CR contains HU
cr93;hu740;CR contains HU
cr93;hu739;CR contains HU
cr93;hu737;CR contains HU
cr134;hu743;CR contains HU
cr93;hu741;CR contains HU
cr134;hu744;CR contains HU
cr157;td45;CR for TD
cr158;td45;CR for TD
cr159;td45;CR for TD
cr160;td45;CR for TD
cr134;hu747;CR contains HU
cr134;hu742;CR contains HU
cr134;hu746;CR contains HU
cr134;hu745;CR contains HU
co44;td46;TD for CO
tr4;cr159;TR loads CR
tr2;cr145;TR loads CR
tr5;cr92;TR loads CR
tr3;cr146;TR loads CR
cr159;hu763;CR contains HU
cr159;hu762;CR contains HU
cr92;hu750;CR contains HU
cr146;hu768;CR contains HU
cr159;hu760;CR contains HU
td46;vh10;High-Prio VH for TD
td46;vh15;Regular VH for TD
cr92;hu752;CR contains HU
cr92;hu751;CR contains HU
cr146;hu769;CR contains HU
cr145;hu758;CR contains HU
cr145;hu756;CR contains HU
cr145;hu755;CR contains HU
cr159;hu765;CR contains HU
cr159;hu764;CR contains HU
cr145;hu759;CR contains HU
cr146;hu767;CR contains HU
cr145;hu757;CR contains HU
cr146;hu766;CR contains HU
cr145;hu754;CR contains HU
cr159;hu761;CR contains HU
cr146;hu770;CR contains HU
cr146;hu771;CR contains HU
cr92;hu748;CR contains HU
cr92;hu753;CR contains HU
cr154;td44;CR for TD
cr155;td44;CR for TD
cr156;td44;CR for TD
cr161;td46;CR for TD
cr162;td46;CR for TD
cr163;td46;CR for TD
cr164;td46;CR for TD
cr165;td46;CR for TD
tr1;cr161;TR loads CR
cr92;hu749;CR contains HU
cr161;hu774;CR contains HU
cr161;hu777;CR contains HU
cr161;hu776;CR contains HU
cr161;hu775;CR contains HU
cr161;hu773;CR contains HU
cr161;hu772;CR contains HU
tr4;cr136;TR loads CR
cr136;hu779;CR contains HU
cr136;hu783;CR contains HU
cr136;hu780;CR contains HU
cr136;hu782;CR contains HU
cr136;hu778;CR contains HU
cr136;hu781;CR contains HU
co49;td47;TD for CO
td47;vh14;Regular VH for TD
co45;td48;TD for CO
cr166;td47;CR for TD
cr167;td47;CR for TD
cr168;td47;CR for TD
cr169;td47;CR for TD
td48;vh12;Regular VH for TD
tr4;cr153;TR loads CR
tr1;cr154;TR loads CR
cr170;td48;CR for TD
cr171;td48;CR for TD
cr153;hu790;CR contains HU
cr153;hu793;CR contains HU
cr154;hu784;CR contains HU
cr154;hu787;CR contains HU
cr154;hu788;CR contains HU
cr154;hu789;CR contains HU
cr153;hu791;CR contains HU
cr154;hu786;CR contains HU
cr154;hu785;CR contains HU
cr153;hu792;CR contains HU
tr3;cr129;TR loads CR
cr129;hu799;CR contains HU
cr129;hu798;CR contains HU
cr129;hu795;CR contains HU
cr129;hu794;CR contains HU
cr129;hu796;CR contains HU
cr129;hu797;CR contains HU
tr1;cr140;TR loads CR
co46;td49;TD for CO
cr140;hu804;CR contains HU
cr140;hu802;CR contains HU
cr140;hu800;CR contains HU
cr140;hu803;CR contains HU
cr140;hu801;CR contains HU
cr140;hu805;CR contains HU
td49;vh12;High-Prio VH for TD
td49;vh16;Regular VH for TD
tr5;cr144;TR loads CR
tr3;cr157;TR loads CR
tr6;cr162;TR loads CR
tr1;cr117;TR loads CR
tr4;cr168;TR loads CR
tr2;cr167;TR loads CR
cr173;td49;CR for TD
cr172;td49;CR for TD
cr174;td49;CR for TD
cr175;td49;CR for TD
cr176;td49;CR for TD
cr117;hu807;CR contains HU
cr117;hu808;CR contains HU
cr162;hu814;CR contains HU
cr162;hu813;CR contains HU
cr144;hu839;CR contains HU
cr167;hu827;CR contains HU
co54;td50;TD for CO
cr157;hu818;CR contains HU
cr167;hu829;CR contains HU
cr157;hu822;CR contains HU
cr168;hu834;CR contains HU
cr157;hu820;CR contains HU
cr168;hu835;CR contains HU
cr117;hu809;CR contains HU
td50;vh15;Regular VH for TD
co53;td51;TD for CO
cr168;hu830;CR contains HU
cr168;hu831;CR contains HU
cr167;hu824;CR contains HU
cr157;hu819;CR contains HU
cr144;hu837;CR contains HU
cr157;hu821;CR contains HU
cr144;hu836;CR contains HU
cr167;hu825;CR contains HU
cr167;hu828;CR contains HU
cr117;hu811;CR contains HU
cr167;hu826;CR contains HU
cr162;hu816;CR contains HU
cr144;hu841;CR contains HU
cr168;hu832;CR contains HU
cr144;hu840;CR contains HU
co56;td52;TD for CO
cr144;hu838;CR contains HU
cr162;hu812;CR contains HU
cr162;hu815;CR contains HU
cr157;hu823;CR contains HU
cr117;hu806;CR contains HU
cr117;hu810;CR contains HU
tr5;cr163;TR loads CR
cr177;td50;CR for TD
cr178;td50;CR for TD
cr179;td50;CR for TD
cr180;td50;CR for TD
cr181;td50;CR for TD
td51;vh12;Regular VH for TD
tr2;cr152;TR loads CR
td52;vh12;Regular VH for TD
cr163;hu843;CR contains HU
tr3;cr158;TR loads CR
cr163;hu844;CR contains HU
cr163;hu847;CR contains HU
cr152;hu849;CR contains HU
cr152;hu848;CR contains HU
tr1;cr173;TR loads CR
cr168;hu833;CR contains HU
cr152;hu851;CR contains HU
co51;td53;TD for CO
cr162;hu817;CR contains HU
cr182;td51;CR for TD
cr183;td51;CR for TD
td53;vh13;Regular VH for TD
cr163;hu845;CR contains HU
cr173;hu865;CR contains HU
tr6;cr182;TR loads CR
tr4;cr171;TR loads CR
cr158;hu855;CR contains HU
cr173;hu862;CR contains HU
cr182;hu871;CR contains HU
cr186;td53;CR for TD
cr187;td53;CR for TD
cr182;hu866;CR contains HU
cr182;hu867;CR contains HU
cr171;hu874;CR contains HU
cr171;hu873;CR contains HU
cr158;hu859;CR contains HU
co57;td54;TD for CO
cr171;hu872;CR contains HU
cr163;hu846;CR contains HU
cr173;hu861;CR contains HU
cr158;hu854;CR contains HU
cr182;hu870;CR contains HU
cr173;hu864;CR contains HU
td54;vh18;Regular VH for TD
cr158;hu858;CR contains HU
cr152;hu850;CR contains HU
cr152;hu853;CR contains HU
cr158;hu856;CR contains HU
cr152;hu852;CR contains HU
cr171;hu876;CR contains HU
cr163;hu842;CR contains HU
cr171;hu875;CR contains HU
cr173;hu860;CR contains HU
cr158;hu857;CR contains HU
cr182;hu869;CR contains HU
cr173;hu863;CR contains HU
cr182;hu868;CR contains HU
tr4;cr166;TR loads CR
cr184;td52;CR for TD
cr185;td52;CR for TD
tr2;cr185;TR loads CR
tr5;cr183;TR loads CR
tr6;cr170;TR loads CR
cr166;hu878;CR contains HU
tr3;cr184;TR loads CR
cr166;hu882;CR contains HU
cr166;hu880;CR contains HU
cr166;hu881;CR contains HU
co50;td55;TD for CO
cr188;td54;CR for TD
cr189;td54;CR for TD
cr185;hu889;CR contains HU
cr183;hu895;CR contains HU
cr170;hu885;CR contains HU
cr166;hu877;CR contains HU
cr185;hu892;CR contains HU
tr1;cr178;TR loads CR
td55;vh17;Regular VH for TD
cr184;hu899;CR contains HU
cr170;hu888;CR contains HU
cr184;hu901;CR contains HU
cr185;hu893;CR contains HU
cr170;hu886;CR contains HU
cr184;hu897;CR contains HU
cr178;hu905;CR contains HU
cr178;hu906;CR contains HU
cr178;hu907;CR contains HU
cr190;td55;CR for TD
cr191;td55;CR for TD
cr192;td55;CR for TD
cr193;td55;CR for TD
cr183;hu896;CR contains HU
cr183;hu894;CR contains HU
cr178;hu908;CR contains HU
cr170;hu884;CR contains HU
cr184;hu902;CR contains HU
cr170;hu883;CR contains HU
cr166;hu879;CR contains HU
cr184;hu900;CR contains HU
cr184;hu898;CR contains HU
cr178;hu903;CR contains HU
tr5;cr165;TR loads CR
cr170;hu887;CR contains HU
cr178;hu904;CR contains HU
cr185;hu890;CR contains HU
cr185;hu891;CR contains HU
co52;td56;TD for CO
cr165;hu911;CR contains HU
cr165;hu909;CR contains HU
cr165;hu910;CR contains HU
td56;vh14;Regular VH for TD
cr165;hu912;CR contains HU
cr165;hu913;CR contains HU
cr194;td56;CR for TD
cr195;td56;CR for TD
cr196;td56;CR for TD
cr197;td56;CR for TD
cr198;td56;CR for TD
tr3;cr193;TR loads CR
tr5;cr194;TR loads CR
tr4;cr195;TR loads CR
tr1;cr175;TR loads CR
tr6;cr181;TR loads CR
tr2;cr187;TR loads CR
cr194;hu940;CR contains HU
cr187;hu922;CR contains HU
cr195;hu934;CR contains HU
cr195;hu933;CR contains HU
cr175;hu916;CR contains HU
cr194;hu936;CR contains HU
cr175;hu917;CR contains HU
cr175;hu918;CR contains HU
cr181;hu929;CR contains HU
cr187;hu924;CR contains HU
cr195;hu932;CR contains HU
cr181;hu928;CR contains HU
cr195;hu931;CR contains HU
cr193;hu920;CR contains HU
cr187;hu923;CR contains HU
co59;td57;TD for CO
cr181;hu926;CR contains HU
cr175;hu915;CR contains HU
cr181;hu927;CR contains HU
cr194;hu938;CR contains HU
cr187;hu921;CR contains HU
co61;td58;TD for CO
td57;vh17;Regular VH for TD
cr175;hu919;CR contains HU
cr175;hu914;CR contains HU
co58;td59;TD for CO
cr199;td57;CR for TD
cr200;td57;CR for TD
cr201;td57;CR for TD
td58;vh17;Regular VH for TD
cr194;hu939;CR contains HU
cr194;hu941;CR contains HU
cr195;hu930;CR contains HU
cr181;hu925;CR contains HU
cr195;hu935;CR contains HU
cr194;hu937;CR contains HU
td59;vh14;Regular VH for TD
tr2;cr196;TR loads CR
cr196;hu944;CR contains HU
cr196;hu943;CR contains HU
cr196;hu945;CR contains HU
cr196;hu946;CR contains HU
cr196;hu947;CR contains HU
cr196;hu942;CR contains HU
cr205;td59;CR for TD
cr206;td59;CR for TD
cr202;td58;CR for TD
cr203;td58;CR for TD
cr204;td58;CR for TD
tr5;cr169;TR loads CR
tr2;cr192;TR loads CR
tr1;cr179;TR loads CR
tr3;cr180;TR loads CR
cr169;hu948;CR contains HU
tr6;cr160;TR loads CR
cr192;hu955;CR contains HU
cr180;hu967;CR contains HU
cr192;hu954;CR contains HU
cr180;hu962;CR contains HU
cr192;hu950;CR contains HU
cr169;hu949;CR contains HU
cr179;hu956;CR contains HU
cr180;hu964;CR contains HU
cr160;hu969;CR contains HU
cr179;hu960;CR contains HU
cr192;hu952;CR contains HU
cr179;hu959;CR contains HU
cr180;hu965;CR contains HU
cr179;hu958;CR contains HU
cr179;hu957;CR contains HU
cr160;hu970;CR contains HU
co62;td60;TD for CO
cr192;hu951;CR contains HU
cr160;hu968;CR contains HU
cr160;hu971;CR contains HU
cr179;hu961;CR contains HU
cr180;hu963;CR contains HU
cr192;hu953;CR contains HU
cr180;hu966;CR contains HU
td60;vh18;Regular VH for TD
tr5;cr155;TR loads CR
tr2;cr190;TR loads CR
tr1;cr198;TR loads CR
cr207;td60;CR for TD
cr208;td60;CR for TD
cr209;td60;CR for TD
cr210;td60;CR for TD
tr3;cr186;TR loads CR
tr4;cr205;TR loads CR
tr6;cr156;TR loads CR
cr155;hu989;CR contains HU
cr190;hu972;CR contains HU
cr190;hu977;CR contains HU
cr190;hu973;CR contains HU
cr198;hu1001;CR contains HU
cr156;hu988;CR contains HU
cr205;hu997;CR contains HU
cr155;hu991;CR contains HU
cr198;hu1002;CR contains HU
cr156;hu987;CR contains HU
cr190;hu975;CR contains HU
cr156;hu984;CR contains HU
cr186;hu982;CR contains HU
cr190;hu974;CR contains HU
tr1;cr188;TR loads CR
cr186;hu978;CR contains HU
co63;td61;TD for CO
cr188;hu1007;CR contains HU
cr155;hu994;CR contains HU
cr186;hu980;CR contains HU
cr186;hu981;CR contains HU
cr188;hu1003;CR contains HU
cr205;hu999;CR contains HU
cr205;hu996;CR contains HU
cr156;hu986;CR contains HU
cr205;hu995;CR contains HU
co65;td62;TD for CO
cr186;hu983;CR contains HU
cr188;hu1008;CR contains HU
cr155;hu993;CR contains HU
cr205;hu998;CR contains HU
td62;vh18;Regular VH for TD
cr190;hu976;CR contains HU
td61;vh14;High-Prio VH for TD
td61;vh16;Regular VH for TD
cr188;hu1006;CR contains HU
co60;td63;TD for CO
cr188;hu1004;CR contains HU
cr186;hu979;CR contains HU
cr205;hu1000;CR contains HU
cr155;hu990;CR contains HU
cr155;hu992;CR contains HU
cr156;hu985;CR contains HU
cr188;hu1005;CR contains HU
cr215;td62;CR for TD
cr216;td62;CR for TD
cr217;td62;CR for TD
cr218;td62;CR for TD
cr219;td62;CR for TD
tr2;cr176;TR loads CR
tr4;cr172;TR loads CR
cr176;hu1010;CR contains HU
tr5;cr199;TR loads CR
tr6;cr174;TR loads CR
cr199;hu1026;CR contains HU
cr199;hu1023;CR contains HU
cr174;hu1038;CR contains HU
cr174;hu1033;CR contains HU
cr199;hu1021;CR contains HU
td63;vh14;High-Prio VH for TD
td63;vh15;Regular VH for TD
cr174;hu1035;CR contains HU
cr199;hu1024;CR contains HU
tr3;cr209;TR loads CR
cr176;hu1013;CR contains HU
cr172;hu1017;CR contains HU
cr172;hu1019;CR contains HU
cr172;hu1018;CR contains HU
tr1;cr206;TR loads CR
cr174;hu1037;CR contains HU
cr199;hu1025;CR contains HU
cr176;hu1009;CR contains HU
co55;td64;TD for CO
cr209;hu1028;CR contains HU
cr209;hu1030;CR contains HU
cr209;hu1027;CR contains HU
cr223;td63;CR for TD
cr224;td63;CR for TD
cr220;td63;CR for TD
cr221;td63;CR for TD
cr222;td63;CR for TD
cr172;hu1016;CR contains HU
co64;td65;TD for CO
cr206;hu1043;CR contains HU
cr214;td61;CR for TD
cr211;td61;CR for TD
cr212;td61;CR for TD
cr213;td61;CR for TD
cr206;hu1042;CR contains HU
cr206;hu1041;CR contains HU
td64;vh16;Regular VH for TD
cr176;hu1014;CR contains HU
cr174;hu1034;CR contains HU
cr209;hu1031;CR contains HU
cr199;hu1022;CR contains HU
cr209;hu1029;CR contains HU
cr206;hu1039;CR contains HU
td65;vh19;Regular VH for TD
cr172;hu1020;CR contains HU
cr172;hu1015;CR contains HU
cr206;hu1040;CR contains HU
cr176;hu1011;CR contains HU
tr5;cr223;TR loads CR
cr209;hu1032;CR contains HU
tr4;cr214;TR loads CR
tr1;cr197;TR loads CR
cr225;td64;CR for TD
cr226;td64;CR for TD
cr227;td64;CR for TD
cr228;td64;CR for TD
cr229;td64;CR for TD
cr230;td65;CR for TD
cr231;td65;CR for TD
cr223;hu1045;CR contains HU
cr223;hu1049;CR contains HU
cr223;hu1048;CR contains HU
cr214;hu1051;CR contains HU
cr197;hu1055;CR contains HU
cr197;hu1059;CR contains HU
tr3;cr210;TR loads CR
cr197;hu1056;CR contains HU
cr197;hu1058;CR contains HU
cr223;hu1047;CR contains HU
cr197;hu1054;CR contains HU
cr214;hu1052;CR contains HU
cr174;hu1036;CR contains HU
cr210;hu1063;CR contains HU
cr210;hu1062;CR contains HU
cr210;hu1061;CR contains HU
cr223;hu1044;CR contains HU
cr176;hu1012;CR contains HU
cr214;hu1053;CR contains HU
cr210;hu1060;CR contains HU
cr214;hu1050;CR contains HU
cr223;hu1046;CR contains HU
tr6;cr215;TR loads CR
tr2;cr222;TR loads CR
tr5;cr224;TR loads CR
tr4;cr226;TR loads CR
cr215;hu1066;CR contains HU
cr215;hu1070;CR contains HU
cr222;hu1074;CR contains HU
cr222;hu1072;CR contains HU
cr215;hu1065;CR contains HU
cr226;hu1082;CR contains HU
cr226;hu1081;CR contains HU
cr226;hu1080;CR contains HU
cr222;hu1075;CR contains HU
cr197;hu1057;CR contains HU
cr222;hu1076;CR contains HU
cr224;hu1077;CR contains HU
cr226;hu1084;CR contains HU
cr222;hu1071;CR contains HU
co68;td66;TD for CO
cr222;hu1073;CR contains HU
cr226;hu1085;CR contains HU
cr224;hu1079;CR contains HU
cr215;hu1068;CR contains HU
cr226;hu1083;CR contains HU
td66;vh16;Regular VH for TD
tr2;cr228;TR loads CR
cr215;hu1067;CR contains HU
cr224;hu1078;CR contains HU
tr4;cr227;TR loads CR
cr228;hu1089;CR contains HU
cr228;hu1086;CR contains HU
cr228;hu1088;CR contains HU
cr228;hu1090;CR contains HU
cr227;hu1092;CR contains HU
tr1;cr202;TR loads CR
cr227;hu1095;CR contains HU
cr215;hu1069;CR contains HU
cr227;hu1094;CR contains HU
tr5;cr203;TR loads CR
co69;td67;TD for CO
cr202;hu1098;CR contains HU
cr202;hu1099;CR contains HU
td67;vh18;Regular VH for TD
cr235;td67;CR for TD
cr236;td67;CR for TD
cr237;td67;CR for TD
cr238;td67;CR for TD
cr239;td67;CR for TD
cr202;hu1102;CR contains HU
cr203;hu1109;CR contains HU
cr202;hu1100;CR contains HU
cr227;hu1097;CR contains HU
tr6;cr213;TR loads CR
cr232;td66;CR for TD
cr233;td66;CR for TD
cr234;td66;CR for TD
cr203;hu1104;CR contains HU
cr213;hu1113;CR contains HU
cr202;hu1103;CR contains HU
cr227;hu1096;CR contains HU
cr203;hu1107;CR contains HU
cr203;hu1108;CR contains HU
cr213;hu1110;CR contains HU
cr213;hu1115;CR contains HU
cr210;hu1064;CR contains HU
cr213;hu1114;CR contains HU
cr202;hu1101;CR contains HU
cr213;hu1111;CR contains HU
cr227;hu1093;CR contains HU
cr228;hu1087;CR contains HU
cr203;hu1106;CR contains HU
tr3;cr234;TR loads CR
cr203;hu1105;CR contains HU
cr213;hu1112;CR contains HU
cr228;hu1091;CR contains HU
tr4;cr220;TR loads CR
tr1;cr225;TR loads CR
co71;td68;TD for CO
tr5;cr232;TR loads CR
tr6;cr221;TR loads CR
td68;vh15;High-Prio VH for TD
td68;vh19;Regular VH for TD
cr220;hu1133;CR contains HU
cr225;hu1124;CR contains HU
cr225;hu1126;CR contains HU
cr234;hu1117;CR contains HU
cr225;hu1125;CR contains HU
cr220;hu1129;CR contains HU
cr234;hu1119;CR contains HU
cr234;hu1116;CR contains HU
cr234;hu1121;CR contains HU
cr225;hu1123;CR contains HU
cr225;hu1127;CR contains HU
cr221;hu1135;CR contains HU
cr225;hu1122;CR contains HU
cr221;hu1138;CR contains HU
cr221;hu1139;CR contains HU
tr2;cr207;TR loads CR
cr234;hu1118;CR contains HU
cr234;hu1120;CR contains HU
tr1;cr238;TR loads CR
cr220;hu1130;CR contains HU
cr220;hu1128;CR contains HU
cr207;hu1151;CR contains HU
cr220;hu1132;CR contains HU
cr221;hu1137;CR contains HU
cr232;hu1140;CR contains HU
cr232;hu1141;CR contains HU
cr232;hu1142;CR contains HU
cr232;hu1143;CR contains HU
cr232;hu1145;CR contains HU
cr207;hu1148;CR contains HU
tr3;cr177;TR loads CR
cr177;hu1159;CR contains HU
cr177;hu1161;CR contains HU
cr177;hu1162;CR contains HU
cr177;hu1158;CR contains HU
cr241;td68;CR for TD
cr240;td68;CR for TD
cr177;hu1160;CR contains HU
cr207;hu1146;CR contains HU
cr207;hu1149;CR contains HU
cr238;hu1153;CR contains HU
cr238;hu1152;CR contains HU
cr238;hu1156;CR contains HU
cr238;hu1157;CR contains HU
cr238;hu1154;CR contains HU
cr207;hu1150;CR contains HU
cr220;hu1131;CR contains HU
cr221;hu1134;CR contains HU
cr238;hu1155;CR contains HU
cr207;hu1147;CR contains HU
cr232;hu1144;CR contains HU
cr177;hu1163;CR contains HU
cr221;hu1136;CR contains HU
tr1;cr229;TR loads CR
co67;td69;TD for CO
tr4;cr164;TR loads CR
tr2;cr212;TR loads CR
cr229;hu1168;CR contains HU
cr229;hu1165;CR contains HU
tr5;cr241;TR loads CR
cr229;hu1167;CR contains HU
cr229;hu1166;CR contains HU
cr229;hu1164;CR contains HU
td69;vh15;High-Prio VH for TD
cr212;hu1180;CR contains HU
cr212;hu1177;CR contains HU
cr164;hu1173;CR contains HU
cr164;hu1170;CR contains HU
cr164;hu1171;CR contains HU
cr164;hu1169;CR contains HU
cr164;hu1172;CR contains HU
cr212;hu1176;CR contains HU
cr212;hu1179;CR contains HU
cr241;hu1185;CR contains HU
cr212;hu1175;CR contains HU
cr212;hu1178;CR contains HU
cr164;hu1174;CR contains HU
tr1;cr189;TR loads CR
cr241;hu1181;CR contains HU
cr241;hu1182;CR contains HU
cr241;hu1186;CR contains HU
cr241;hu1184;CR contains HU
tr6;cr211;TR loads CR
tr3;cr208;TR loads CR
cr241;hu1183;CR contains HU
cr211;hu1190;CR contains HU
cr211;hu1189;CR contains HU
cr211;hu1194;CR contains HU
cr211;hu1193;CR contains HU
cr211;hu1192;CR contains HU
co72;td70;TD for CO
cr211;hu1191;CR contains HU
tr4;cr218;TR loads CR
cr208;hu1195;CR contains HU
cr208;hu1198;CR contains HU
cr208;hu1200;CR contains HU
tr5;cr201;TR loads CR
cr189;hu1188;CR contains HU
td70;vh20;Regular VH for TD
tr2;cr233;TR loads CR
cr242;td69;CR for TD
cr189;hu1187;CR contains HU
cr218;hu1203;CR contains HU
cr218;hu1201;CR contains HU
cr218;hu1205;CR contains HU
cr201;hu1213;CR contains HU
cr218;hu1206;CR contains HU
cr218;hu1204;CR contains HU
cr201;hu1214;CR contains HU
cr233;hu1210;CR contains HU
tr1;cr242;TR loads CR
tr6;cr191;TR loads CR
cr233;hu1209;CR contains HU
cr233;hu1207;CR contains HU
cr208;hu1197;CR contains HU
cr208;hu1199;CR contains HU
cr233;hu1211;CR contains HU
cr242;hu1216;CR contains HU
cr242;hu1219;CR contains HU
cr191;hu1224;CR contains HU
tr5;cr230;TR loads CR
cr191;hu1223;CR contains HU
cr208;hu1196;CR contains HU
co74;td71;TD for CO
cr230;hu1227;CR contains HU
cr242;hu1217;CR contains HU
cr230;hu1229;CR contains HU
cr191;hu1221;CR contains HU
cr243;td70;CR for TD
cr244;td70;CR for TD
cr245;td70;CR for TD
cr246;td70;CR for TD
cr230;hu1232;CR contains HU
tr3;cr235;TR loads CR
cr233;hu1208;CR contains HU
cr242;hu1220;CR contains HU
cr230;hu1228;CR contains HU
cr233;hu1212;CR contains HU
cr191;hu1222;CR contains HU
cr235;hu1235;CR contains HU
cr235;hu1236;CR contains HU
cr235;hu1233;CR contains HU
cr235;hu1237;CR contains HU
cr235;hu1238;CR contains HU
cr191;hu1225;CR contains HU
cr218;hu1202;CR contains HU
cr230;hu1230;CR contains HU
cr235;hu1234;CR contains HU
td71;vh16;High-Prio VH for TD
td71;vh16;Regular VH for TD
cr242;hu1218;CR contains HU
tr2;cr217;TR loads CR
cr191;hu1226;CR contains HU
tr4;cr243;TR loads CR
tr3;cr236;TR loads CR
cr230;hu1231;CR contains HU
cr217;hu1239;CR contains HU
cr217;hu1241;CR contains HU
cr217;hu1243;CR contains HU
cr243;hu1247;CR contains HU
cr243;hu1245;CR contains HU
cr243;hu1249;CR contains HU
cr236;hu1256;CR contains HU
cr236;hu1253;CR contains HU
cr217;hu1244;CR contains HU
cr243;hu1250;CR contains HU
cr236;hu1254;CR contains HU
tr6;cr231;TR loads CR
cr242;hu1215;CR contains HU
cr236;hu1252;CR contains HU
co66;td72;TD for CO
cr243;hu1246;CR contains HU
cr243;hu1248;CR contains HU
td69;vh16;Ersatz VH for TD
cr217;hu1240;CR contains HU
cr231;hu1261;CR contains HU
tr1;cr237;TR loads CR
cr231;hu1260;CR contains HU
cr231;hu1258;CR contains HU
td72;vh16;High-Prio VH for TD
td72;vh20;Regular VH for TD
cr231;hu1259;CR contains HU
cr237;hu1264;CR contains HU
cr237;hu1266;CR contains HU
cr236;hu1251;CR contains HU
cr237;hu1267;CR contains HU
cr237;hu1262;CR contains HU
cr217;hu1242;CR contains HU
cr231;hu1257;CR contains HU
cr236;hu1255;CR contains HU
cr237;hu1263;CR contains HU
cr237;hu1265;CR contains HU
cr248;td71;CR for TD
cr247;td71;CR for TD
cr249;td71;CR for TD
cr253;td72;CR for TD
cr250;td72;CR for TD
cr251;td72;CR for TD
cr252;td72;CR for TD
cr254;td72;CR for TD
tr5;cr249;TR loads CR
tr1;cr248;TR loads CR
tr2;cr247;TR loads CR
tr4;cr253;TR loads CR
cr248;hu1279;CR contains HU
cr248;hu1275;CR contains HU
cr247;hu1273;CR contains HU
cr253;hu1286;CR contains HU
tr6;cr239;TR loads CR
cr248;hu1274;CR contains HU
cr253;hu1281;CR contains HU
cr253;hu1284;CR contains HU
cr253;hu1285;CR contains HU
cr249;hu1280;CR contains HU
cr253;hu1282;CR contains HU
cr248;hu1276;CR contains HU
cr239;hu1290;CR contains HU
cr239;hu1287;CR contains HU
cr239;hu1289;CR contains HU
cr248;hu1277;CR contains HU
cr247;hu1272;CR contains HU
cr239;hu1288;CR contains HU
cr253;hu1283;CR contains HU
cr248;hu1278;CR contains HU
cr247;hu1269;CR contains HU
cr247;hu1268;CR contains HU
cr247;hu1271;CR contains HU
cr247;hu1270;CR contains HU
tr4;cr216;TR loads CR
tr6;cr244;TR loads CR
tr2;cr200;TR loads CR
tr3;cr252;TR loads CR
cr216;hu1307;CR contains HU
cr216;hu1303;CR contains HU
cr216;hu1304;CR contains HU
cr244;hu1314;CR contains HU
cr216;hu1305;CR contains HU
cr244;hu1311;CR contains HU
cr244;hu1310;CR contains HU
cr200;hu1295;CR contains HU
cr244;hu1312;CR contains HU
cr200;hu1296;CR contains HU
co78;td73;TD for CO
td73;vh17;High-Prio VH for TD
td73;vh19;Regular VH for TD
cr252;hu1301;CR contains HU
cr252;hu1302;CR contains HU
cr252;hu1299;CR contains HU
cr252;hu1298;CR contains HU
cr200;hu1292;CR contains HU
cr216;hu1306;CR contains HU
cr200;hu1291;CR contains HU
cr216;hu1308;CR contains HU
cr200;hu1294;CR contains HU
cr244;hu1313;CR contains HU
cr200;hu1293;CR contains HU
cr244;hu1309;CR contains HU
cr252;hu1297;CR contains HU
cr252;hu1300;CR contains HU
cr255;td73;CR for TD
cr256;td73;CR for TD
cr257;td73;CR for TD
tr6;cr255;TR loads CR
co77;td74;TD for CO
cr255;hu1316;CR contains HU
cr255;hu1318;CR contains HU
cr255;hu1319;CR contains HU
td74;vh17;High-Prio VH for TD
td74;vh21;Regular VH for TD
cr255;hu1320;CR contains HU
co73;td75;TD for CO
cr255;hu1315;CR contains HU
cr255;hu1317;CR contains HU
tr4;cr250;TR loads CR
td75;vh19;Regular VH for TD
cr250;hu1323;CR contains HU
cr250;hu1322;CR contains HU
cr250;hu1321;CR contains HU
cr250;hu1325;CR contains HU
cr250;hu1324;CR contains HU
cr250;hu1326;CR contains HU
tr2;cr204;TR loads CR
cr258;td74;CR for TD
cr261;td74;CR for TD
cr259;td74;CR for TD
cr260;td74;CR for TD
cr262;td74;CR for TD
cr204;hu1327;CR contains HU
cr204;hu1328;CR contains HU
cr204;hu1331;CR contains HU
cr204;hu1330;CR contains HU
cr204;hu1332;CR contains HU
cr204;hu1329;CR contains HU
cr263;td75;CR for TD
cr264;td75;CR for TD
co70;td76;TD for CO
tr3;cr258;TR loads CR
td76;vh20;Regular VH for TD
cr258;hu1336;CR contains HU
cr258;hu1333;CR contains HU
cr258;hu1337;CR contains HU
cr258;hu1335;CR contains HU
cr258;hu1334;CR contains HU
cr258;hu1338;CR contains HU
tr6;cr245;TR loads CR
tr2;cr262;TR loads CR
tr5;cr254;TR loads CR
tr1;cr261;TR loads CR
tr4;cr251;TR loads CR
cr245;hu1339;CR contains HU
cr245;hu1341;CR contains HU
cr245;hu1343;CR contains HU
tr3;cr257;TR loads CR
cr245;hu1342;CR contains HU
cr262;hu1352;CR contains HU
cr245;hu1344;CR contains HU
cr245;hu1340;CR contains HU
cr254;hu1345;CR contains HU
cr261;hu1349;CR contains HU
cr261;hu1347;CR contains HU
cr261;hu1351;CR contains HU
cr261;hu1346;CR contains HU
cr257;hu1359;CR contains HU
cr251;hu1354;CR contains HU
cr251;hu1358;CR contains HU
tr2;cr240;TR loads CR
cr251;hu1353;CR contains HU
cr251;hu1355;CR contains HU
tr3;cr263;TR loads CR
cr251;hu1356;CR contains HU
tr5;cr219;TR loads CR
cr251;hu1357;CR contains HU
cr265;td76;CR for TD
cr266;td76;CR for TD
cr267;td76;CR for TD
cr268;td76;CR for TD
cr269;td76;CR for TD
cr261;hu1348;CR contains HU
cr261;hu1350;CR contains HU
co81;td77;TD for CO
tr1;cr264;TR loads CR
tr6;cr266;TR loads CR
cr263;hu1369;CR contains HU
cr263;hu1366;CR contains HU
cr263;hu1367;CR contains HU
cr263;hu1368;CR contains HU
cr263;hu1370;CR contains HU
cr264;hu1384;CR contains HU
cr266;hu1378;CR contains HU
cr266;hu1381;CR contains HU
cr266;hu1383;CR contains HU
cr263;hu1371;CR contains HU
tr4;cr267;TR loads CR
td77;vh19;Regular VH for TD
cr240;hu1363;CR contains HU
cr240;hu1365;CR contains HU
cr240;hu1364;CR contains HU
cr240;hu1362;CR contains HU
cr240;hu1360;CR contains HU
cr240;hu1361;CR contains HU
cr270;td77;CR for TD
cr271;td77;CR for TD
co75;td78;TD for CO
cr219;hu1374;CR contains HU
cr264;hu1389;CR contains HU
cr267;hu1393;CR contains HU
cr267;hu1392;CR contains HU
cr267;hu1394;CR contains HU
cr264;hu1388;CR contains HU
cr266;hu1382;CR contains HU
cr264;hu1387;CR contains HU
cr266;hu1379;CR contains HU
cr264;hu1386;CR contains HU
cr267;hu1390;CR contains HU
cr267;hu1391;CR contains HU
cr264;hu1385;CR contains HU
cr266;hu1380;CR contains HU
cr219;hu1375;CR contains HU
cr267;hu1395;CR contains HU
co84;td79;TD for CO
cr219;hu1376;CR contains HU
cr219;hu1377;CR contains HU
cr219;hu1372;CR contains HU
cr219;hu1373;CR contains HU
tr3;cr265;TR loads CR
td78;vh21;Regular VH for TD
td79;vh18;High-Prio VH for TD
td79;vh22;Regular VH for TD
cr265;hu1401;CR contains HU
cr265;hu1396;CR contains HU
cr265;hu1399;CR contains HU
cr265;hu1398;CR contains HU
cr265;hu1400;CR contains HU
cr265;hu1397;CR contains HU
co80;td80;TD for CO
cr276;td79;CR for TD
cr273;td79;CR for TD
cr274;td79;CR for TD
cr275;td79;CR for TD
tr2;cr273;TR loads CR
td80;vh22;Regular VH for TD
cr273;hu1412;CR contains HU
tr6;cr276;TR loads CR
cr273;hu1410;CR contains HU
cr273;hu1409;CR contains HU
cr273;hu1408;CR contains HU
cr273;hu1407;CR contains HU
cr273;hu1411;CR contains HU
tr4;cr269;TR loads CR
cr276;hu1405;CR contains HU
cr276;hu1404;CR contains HU
cr269;hu1415;CR contains HU
cr276;hu1402;CR contains HU
cr269;hu1416;CR contains HU
cr269;hu1413;CR contains HU
cr276;hu1406;CR contains HU
cr269;hu1414;CR contains HU
cr276;hu1403;CR contains HU
cr272;td78;CR for TD
tr4;cr272;TR loads CR
tr3;cr259;TR loads CR
cr272;hu1419;CR contains HU
tr6;cr246;TR loads CR
cr272;hu1417;CR contains HU
cr277;td80;CR for TD
cr278;td80;CR for TD
cr279;td80;CR for TD
cr272;hu1422;CR contains HU
cr272;hu1418;CR contains HU
cr272;hu1420;CR contains HU
cr272;hu1421;CR contains HU
cr259;hu1424;CR contains HU
cr259;hu1423;CR contains HU
cr259;hu1425;CR contains HU
cr259;hu1426;CR contains HU
cr246;hu1430;CR contains HU
cr246;hu1431;CR contains HU
cr259;hu1427;CR contains HU
cr259;hu1428;CR contains HU
co83;td81;TD for CO
cr246;hu1429;CR contains HU
co76;td82;TD for CO
td82;vh18;High-Prio VH for TD
td82;vh25;Regular VH for TD
td81;vh18;High-Prio VH for TD
td81;vh22;Regular VH for TD
cr280;td81;CR for TD
cr282;td81;CR for TD
cr281;td81;CR for TD
co79;td83;TD for CO
tr6;cr280;TR loads CR
tr4;cr282;TR loads CR
td83;vh18;High-Prio VH for TD
td83;vh23;Regular VH for TD
co85;td84;TD for CO
cr282;hu1439;CR contains HU
cr282;hu1438;CR contains HU
cr282;hu1441;CR contains HU
cr283;td82;CR for TD
cr284;td82;CR for TD
cr285;td82;CR for TD
cr282;hu1440;CR contains HU
tr5;cr283;TR loads CR
cr288;td83;CR for TD
cr286;td83;CR for TD
cr287;td83;CR for TD
cr289;td83;CR for TD
cr290;td83;CR for TD
tr1;cr288;TR loads CR
cr280;hu1436;CR contains HU
cr280;hu1435;CR contains HU
cr280;hu1434;CR contains HU
cr280;hu1437;CR contains HU
cr280;hu1433;CR contains HU
cr280;hu1432;CR contains HU
td84;vh22;Regular VH for TD
cr288;hu1453;CR contains HU
cr288;hu1452;CR contains HU
cr288;hu1451;CR contains HU
cr288;hu1448;CR contains HU
cr288;hu1449;CR contains HU
cr288;hu1450;CR contains HU
cr283;hu1447;CR contains HU
co86;td85;TD for CO
cr283;hu1443;CR contains HU
cr283;hu1442;CR contains HU
cr283;hu1445;CR contains HU
cr283;hu1446;CR contains HU
cr283;hu1444;CR contains HU
td85;vh19;High-Prio VH for TD
td85;vh21;Regular VH for TD
cr291;td84;CR for TD
cr292;td84;CR for TD
cr293;td84;CR for TD
tr2;cr270;TR loads CR
tr5;cr292;TR loads CR
cr292;hu1460;CR contains HU
cr292;hu1462;CR contains HU
cr292;hu1464;CR contains HU
cr292;hu1461;CR contains HU
tr1;cr271;TR loads CR
cr270;hu1456;CR contains HU
cr292;hu1463;CR contains HU
cr292;hu1465;CR contains HU
cr296;td85;CR for TD
cr294;td85;CR for TD
cr295;td85;CR for TD
tr6;cr296;TR loads CR
cr270;hu1458;CR contains HU
cr270;hu1454;CR contains HU
tr3;cr256;TR loads CR
cr270;hu1457;CR contains HU
cr271;hu1469;CR contains HU
cr271;hu1468;CR contains HU
cr271;hu1467;CR contains HU
cr271;hu1470;CR contains HU
cr271;hu1466;CR contains HU
cr296;hu1472;CR contains HU
cr296;hu1473;CR contains HU
cr296;hu1471;CR contains HU
cr256;hu1477;CR contains HU
cr256;hu1479;CR contains HU
cr256;hu1475;CR contains HU
cr256;hu1474;CR contains HU
cr256;hu1476;CR contains HU
cr256;hu1478;CR contains HU
cr270;hu1455;CR contains HU
cr270;hu1459;CR contains HU
co87;td86;TD for CO
tr1;cr260;TR loads CR
tr5;cr286;TR loads CR
co90;td87;TD for CO
tr4;cr285;TR loads CR
tr2;cr275;TR loads CR
tr3;cr277;TR loads CR
tr6;cr268;TR loads CR
cr260;hu1488;CR contains HU
cr260;hu1490;CR contains HU
cr286;hu1492;CR contains HU
cr277;hu1499;CR contains HU
td87;vh20;Regular VH for TD
cr268;hu1512;CR contains HU
cr268;hu1510;CR contains HU
cr285;hu1504;CR contains HU
cr268;hu1508;CR contains HU
cr285;hu1506;CR contains HU
cr268;hu1507;CR contains HU
cr286;hu1494;CR contains HU
cr286;hu1495;CR contains HU
cr275;hu1482;CR contains HU
cr275;hu1485;CR contains HU
cr277;hu1502;CR contains HU
td86;vh24;Regular VH for TD
cr277;hu1500;CR contains HU
cr275;hu1484;CR contains HU
co82;td88;TD for CO
cr285;hu1505;CR contains HU
cr268;hu1511;CR contains HU
cr277;hu1498;CR contains HU
cr275;hu1481;CR contains HU
td88;vh20;High-Prio VH for TD
td88;vh24;Regular VH for TD
cr277;hu1501;CR contains HU
cr286;hu1493;CR contains HU
cr268;hu1509;CR contains HU
cr286;hu1497;CR contains HU
cr277;hu1503;CR contains HU
cr275;hu1483;CR contains HU
cr275;hu1480;CR contains HU
tr6;cr274;TR loads CR
cr260;hu1487;CR contains HU
cr304;td88;CR for TD
cr303;td88;CR for TD
cr305;td88;CR for TD
cr260;hu1489;CR contains HU
cr274;hu1515;CR contains HU
cr274;hu1516;CR contains HU
cr274;hu1517;CR contains HU
cr274;hu1513;CR contains HU
cr260;hu1486;CR contains HU
cr260;hu1491;CR contains HU
cr286;hu1496;CR contains HU
cr301;td87;CR for TD
cr302;td87;CR for TD
cr274;hu1518;CR contains HU
tr2;cr301;TR loads CR
tr3;cr302;TR loads CR
cr274;hu1514;CR contains HU
tr4;cr287;TR loads CR
cr297;td86;CR for TD
cr298;td86;CR for TD
cr299;td86;CR for TD
cr300;td86;CR for TD
cr301;hu1521;CR contains HU
tr5;cr304;TR loads CR
tr6;cr278;TR loads CR
tr1;cr294;TR loads CR
cr287;hu1529;CR contains HU
cr301;hu1522;CR contains HU
cr287;hu1527;CR contains HU
cr301;hu1520;CR contains HU
co91;td89;TD for CO
cr304;hu1533;CR contains HU
td89;vh20;High-Prio VH for TD
td89;vh21;Regular VH for TD
cr287;hu1530;CR contains HU
cr302;hu1519;CR contains HU
cr301;hu1523;CR contains HU
co94;td90;TD for CO
cr278;hu1548;CR contains HU
cr278;hu1549;CR contains HU
cr294;hu1538;CR contains HU
cr294;hu1542;CR contains HU
cr278;hu1545;CR contains HU
cr287;hu1531;CR contains HU
cr287;hu1526;CR contains HU
cr304;hu1537;CR contains HU
cr294;hu1540;CR contains HU
cr304;hu1534;CR contains HU
tr3;cr279;TR loads CR
td90;vh22;Regular VH for TD
cr294;hu1539;CR contains HU
cr278;hu1546;CR contains HU
cr278;hu1544;CR contains HU
cr309;td89;CR for TD
cr306;td89;CR for TD
cr307;td89;CR for TD
cr308;td89;CR for TD
cr304;hu1536;CR contains HU
cr301;hu1525;CR contains HU
cr278;hu1547;CR contains HU
cr287;hu1528;CR contains HU
cr279;hu1554;CR contains HU
cr294;hu1541;CR contains HU
cr279;hu1551;CR contains HU
tr6;cr281;TR loads CR
cr301;hu1524;CR contains HU
cr279;hu1552;CR contains HU
cr304;hu1532;CR contains HU
cr279;hu1550;CR contains HU
cr304;hu1535;CR contains HU
tr2;cr307;TR loads CR
cr310;td90;CR for TD
cr311;td90;CR for TD
tr4;cr284;TR loads CR
cr281;hu1556;CR contains HU
cr281;hu1559;CR contains HU
cr281;hu1557;CR contains HU
cr281;hu1561;CR contains HU
cr281;hu1558;CR contains HU
cr307;hu1563;CR contains HU
cr307;hu1564;CR contains HU
co92;td91;TD for CO
tr5;cr306;TR loads CR
cr284;hu1568;CR contains HU
cr307;hu1567;CR contains HU
cr284;hu1569;CR contains HU
cr284;hu1573;CR contains HU
cr284;hu1570;CR contains HU
cr284;hu1572;CR contains HU
cr281;hu1560;CR contains HU
cr279;hu1555;CR contains HU
cr279;hu1553;CR contains HU
cr307;hu1566;CR contains HU
cr306;hu1577;CR contains HU
cr306;hu1574;CR contains HU
cr306;hu1576;CR contains HU
cr306;hu1575;CR contains HU
td91;vh22;Regular VH for TD
tr6;cr309;TR loads CR
cr284;hu1571;CR contains HU
cr307;hu1562;CR contains HU
cr306;hu1578;CR contains HU
cr306;hu1579;CR contains HU
tr5;cr310;TR loads CR
cr309;hu1581;CR contains HU
co96;td92;TD for CO
cr309;hu1582;CR contains HU
cr309;hu1580;CR contains HU
cr309;hu1584;CR contains HU
cr307;hu1565;CR contains HU
cr310;hu1591;CR contains HU
tr3;cr291;TR loads CR
cr310;hu1587;CR contains HU
cr309;hu1585;CR contains HU
tr4;cr290;TR loads CR
cr309;hu1583;CR contains HU
cr310;hu1590;CR contains HU
cr310;hu1588;CR contains HU
cr290;hu1592;CR contains HU
cr310;hu1589;CR contains HU
cr291;hu1596;CR contains HU
cr291;hu1597;CR contains HU
cr310;hu1586;CR contains HU
cr290;hu1593;CR contains HU
cr294;hu1543;CR contains HU
td92;vh24;Regular VH for TD
cr291;hu1595;CR contains HU
tr2;cr293;TR loads CR
cr291;hu1599;CR contains HU
cr291;hu1598;CR contains HU
cr291;hu1594;CR contains HU
cr293;hu1601;CR contains HU
cr293;hu1600;CR contains HU
co97;td93;TD for CO
td93;vh21;High-Prio VH for TD
td93;vh25;Regular VH for TD
cr312;td91;CR for TD
cr313;td91;CR for TD
tr4;cr298;TR loads CR
tr3;cr305;TR loads CR
cr298;hu1604;CR contains HU
cr298;hu1609;CR contains HU
cr305;hu1603;CR contains HU
cr298;hu1607;CR contains HU
cr305;hu1602;CR contains HU
cr298;hu1608;CR contains HU
cr298;hu1606;CR contains HU
cr298;hu1605;CR contains HU
tr5;cr300;TR loads CR
co88;td94;TD for CO
tr6;cr308;TR loads CR
cr314;td92;CR for TD
cr315;td92;CR for TD
cr316;td92;CR for TD
cr317;td92;CR for TD
cr318;td92;CR for TD
cr300;hu1610;CR contains HU
cr300;hu1611;CR contains HU
cr321;td93;CR for TD
cr319;td93;CR for TD
cr320;td93;CR for TD
cr322;td93;CR for TD
cr323;td93;CR for TD
tr1;cr311;TR loads CR
td94;vh21;High-Prio VH for TD
td94;vh24;Regular VH for TD
cr311;hu1620;CR contains HU
cr308;hu1617;CR contains HU
cr308;hu1615;CR contains HU
cr311;hu1618;CR contains HU
cr308;hu1614;CR contains HU
cr308;hu1616;CR contains HU
tr2;cr317;TR loads CR
cr308;hu1612;CR contains HU
tr5;cr313;TR loads CR
cr308;hu1613;CR contains HU
cr311;hu1623;CR contains HU
tr4;cr319;TR loads CR
tr3;cr295;TR loads CR
cr311;hu1622;CR contains HU
cr317;hu1635;CR contains HU
cr319;hu1641;CR contains HU
cr295;hu1625;CR contains HU
cr319;hu1638;CR contains HU
cr295;hu1626;CR contains HU
cr319;hu1639;CR contains HU
tr6;cr315;TR loads CR
cr319;hu1637;CR contains HU
cr295;hu1627;CR contains HU
cr295;hu1624;CR contains HU
cr311;hu1621;CR contains HU
cr311;hu1619;CR contains HU
cr317;hu1633;CR contains HU
cr317;hu1630;CR contains HU
cr319;hu1640;CR contains HU
cr315;hu1647;CR contains HU
cr313;hu1643;CR contains HU
tr1;cr314;TR loads CR
cr317;hu1631;CR contains HU
cr313;hu1644;CR contains HU
cr295;hu1629;CR contains HU
cr328;td94;CR for TD
cr324;td94;CR for TD
cr325;td94;CR for TD
cr326;td94;CR for TD
cr327;td94;CR for TD
cr315;hu1649;CR contains HU
co89;td95;TD for CO
cr317;hu1634;CR contains HU
cr314;hu1655;CR contains HU
cr315;hu1648;CR contains HU
cr314;hu1656;CR contains HU
cr314;hu1652;CR contains HU
cr314;hu1653;CR contains HU
cr315;hu1650;CR contains HU
cr315;hu1646;CR contains HU
cr319;hu1636;CR contains HU
cr314;hu1651;CR contains HU
cr317;hu1632;CR contains HU
cr295;hu1628;CR contains HU
td95;vh22;High-Prio VH for TD
td95;vh27;Regular VH for TD
cr314;hu1654;CR contains HU
cr315;hu1645;CR contains HU
tr2;cr324;TR loads CR
tr3;cr316;TR loads CR
cr313;hu1642;CR contains HU
cr329;td95;CR for TD
cr330;td95;CR for TD
tr4;cr289;TR loads CR
cr324;hu1662;CR contains HU
cr324;hu1658;CR contains HU
cr324;hu1657;CR contains HU
cr324;hu1659;CR contains HU
cr324;hu1660;CR contains HU
cr316;hu1674;CR contains HU
cr316;hu1671;CR contains HU
co100;td96;TD for CO
cr316;hu1673;CR contains HU
cr289;hu1666;CR contains HU
cr289;hu1663;CR contains HU
tr1;cr328;TR loads CR
tr6;cr329;TR loads CR
td96;vh28;Regular VH for TD
cr289;hu1667;CR contains HU
cr329;hu1681;CR contains HU
tr5;cr303;TR loads CR
cr316;hu1670;CR contains HU
cr324;hu1661;CR contains HU
cr329;hu1679;CR contains HU
cr289;hu1668;CR contains HU
cr303;hu1687;CR contains HU
cr303;hu1686;CR contains HU
cr316;hu1672;CR contains HU
cr329;hu1680;CR contains HU
cr289;hu1665;CR contains HU
cr289;hu1664;CR contains HU
cr328;hu1676;CR contains HU
cr329;hu1682;CR contains HU
cr303;hu1688;CR contains HU
tr2;cr323;TR loads CR
cr303;hu1684;CR contains HU
cr303;hu1685;CR contains HU
cr323;hu1690;CR contains HU
cr328;hu1675;CR contains HU
tr4;cr322;TR loads CR
cr316;hu1669;CR contains HU
cr323;hu1691;CR contains HU
cr323;hu1692;CR contains HU
cr322;hu1697;CR contains HU
cr322;hu1698;CR contains HU
cr329;hu1677;CR contains HU
cr331;td96;CR for TD
cr332;td96;CR for TD
cr333;td96;CR for TD
tr1;cr325;TR loads CR
td94;vh22;Ersatz VH for TD
tr3;cr321;TR loads CR
cr323;hu1693;CR contains HU
cr322;hu1696;CR contains HU
cr303;hu1683;CR contains HU
cr322;hu1699;CR contains HU
cr325;hu1706;CR contains HU
cr322;hu1694;CR contains HU
cr323;hu1689;CR contains HU
cr321;hu1705;CR contains HU
cr321;hu1701;CR contains HU
cr325;hu1709;CR contains HU
cr321;hu1702;CR contains HU
cr325;hu1707;CR contains HU
tr5;cr318;TR loads CR
cr325;hu1710;CR contains HU
cr321;hu1703;CR contains HU
tr2;cr327;TR loads CR
cr329;hu1678;CR contains HU
cr321;hu1700;CR contains HU
cr321;hu1704;CR contains HU
cr325;hu1711;CR contains HU
co98;td97;TD for CO
cr327;hu1714;CR contains HU
cr327;hu1717;CR contains HU
cr327;hu1716;CR contains HU
cr327;hu1713;CR contains HU
cr327;hu1715;CR contains HU
cr325;hu1708;CR contains HU
td93;vh22;Ersatz VH for TD
tr3;cr312;TR loads CR
td97;vh25;Regular VH for TD
cr318;hu1712;CR contains HU
cr322;hu1695;CR contains HU
cr327;hu1718;CR contains HU
tr6;cr326;TR loads CR
cr312;hu1723;CR contains HU
tr5;cr331;TR loads CR
tr2;cr320;TR loads CR
cr312;hu1719;CR contains HU
co93;td98;TD for CO
tr1;cr299;TR loads CR
cr331;hu1731;CR contains HU
cr320;hu1740;CR contains HU
cr320;hu1741;CR contains HU
td98;vh25;Regular VH for TD
cr326;hu1729;CR contains HU
cr326;hu1726;CR contains HU
cr326;hu1725;CR contains HU
cr326;hu1730;CR contains HU
cr331;hu1734;CR contains HU
cr312;hu1720;CR contains HU
cr299;hu1743;CR contains HU
cr320;hu1738;CR contains HU
cr299;hu1746;CR contains HU
cr334;td97;CR for TD
cr335;td97;CR for TD
cr336;td97;CR for TD
cr337;td97;CR for TD
cr338;td97;CR for TD
cr312;hu1722;CR contains HU
cr312;hu1721;CR contains HU
cr326;hu1727;CR contains HU
cr331;hu1736;CR contains HU
cr331;hu1735;CR contains HU
tr4;cr336;TR loads CR
cr320;hu1739;CR contains HU
cr320;hu1737;CR contains HU
cr331;hu1732;CR contains HU
cr312;hu1724;CR contains HU
cr331;hu1733;CR contains HU
cr326;hu1728;CR contains HU
cr299;hu1748;CR contains HU
cr336;hu1750;CR contains HU
cr336;hu1752;CR contains HU
cr336;hu1754;CR contains HU
cr336;hu1753;CR contains HU
cr336;hu1751;CR contains HU
cr336;hu1749;CR contains HU
cr299;hu1747;CR contains HU
cr299;hu1744;CR contains HU
cr320;hu1742;CR contains HU
cr299;hu1745;CR contains HU
tr5;cr337;TR loads CR
cr339;td98;CR for TD
cr340;td98;CR for TD
cr341;td98;CR for TD
co95;td99;TD for CO
cr337;hu1756;CR contains HU
tr6;cr339;TR loads CR
cr337;hu1760;CR contains HU
td99;vh27;Regular VH for TD
cr337;hu1759;CR contains HU
cr337;hu1755;CR contains HU
cr337;hu1757;CR contains HU
cr337;hu1758;CR contains HU
cr339;hu1766;CR contains HU
cr339;hu1762;CR contains HU
cr339;hu1764;CR contains HU
cr339;hu1761;CR contains HU
cr339;hu1763;CR contains HU
cr339;hu1765;CR contains HU
tr3;cr341;TR loads CR
tr2;cr333;TR loads CR
tr5;cr335;TR loads CR
tr6;cr338;TR loads CR
tr4;cr340;TR loads CR
tr1;cr297;TR loads CR
cr340;hu1789;CR contains HU
cr340;hu1785;CR contains HU
cr297;hu1770;CR contains HU
cr342;td99;CR for TD
cr340;hu1786;CR contains HU
cr335;hu1793;CR contains HU
cr335;hu1795;CR contains HU
cr338;hu1781;CR contains HU
cr338;hu1779;CR contains HU
cr338;hu1780;CR contains HU
cr335;hu1791;CR contains HU
cr338;hu1778;CR contains HU
cr297;hu1771;CR contains HU
cr297;hu1769;CR contains HU
cr341;hu1777;CR contains HU
cr333;hu1773;CR contains HU
cr335;hu1792;CR contains HU
cr338;hu1783;CR contains HU
cr340;hu1787;CR contains HU
cr340;hu1784;CR contains HU
cr297;hu1767;CR contains HU
cr341;hu1774;CR contains HU
cr340;hu1788;CR contains HU
tr2;cr334;TR loads CR
cr341;hu1775;CR contains HU
cr334;hu1796;CR contains HU
cr334;hu1801;CR contains HU
cr297;hu1768;CR contains HU
cr341;hu1776;CR contains HU
cr335;hu1790;CR contains HU
cr334;hu1799;CR contains HU
cr334;hu1800;CR contains HU
tr4;cr342;TR loads CR
cr335;hu1794;CR contains HU
cr334;hu1798;CR contains HU
cr338;hu1782;CR contains HU
cr334;hu1797;CR contains HU
cr297;hu1772;CR contains HU
cr342;hu1802;CR contains HU
cr342;hu1803;CR contains HU
cr342;hu1804;CR contains HU
cr342;hu1805;CR contains HU
cr342;hu1806;CR contains HU
cr342;hu1807;CR contains HU
tr3;cr330;TR loads CR
cr330;hu1809;CR contains HU
cr330;hu1808;CR contains HU
cr330;hu1811;CR contains HU
cr330;hu1810;CR contains HU
co99;td100;TD for CO
td100;vh24;High-Prio VH for TD
td100;vh28;Regular VH for TD
cr344;td100;CR for TD
cr343;td100;CR for TD
tr6;cr344;TR loads CR
cr344;hu1815;CR contains HU
cr344;hu1814;CR contains HU
cr344;hu1813;CR contains HU
cr344;hu1816;CR contains HU
cr344;hu1812;CR contains HU
tr5;cr343;TR loads CR
cr343;hu1822;CR contains HU
cr343;hu1821;CR contains HU
cr343;hu1819;CR contains HU
cr343;hu1820;CR contains HU
cr343;hu1817;CR contains HU
cr343;hu1818;CR contains HU
tr3;cr332;TR loads CR
cr332;hu1826;CR contains HU
cr332;hu1828;CR contains HU
cr332;hu1824;CR contains HU
cr332;hu1825;CR contains HU
cr332;hu1823;CR contains HU
cr332;hu1827;CR contains HU
